Player,MVP,ASG,Rings,DPOY,FMVP,Pic

Kareem Abdul-Jabbar,6,19,6,0,2,https://www.basketball-reference.com/req/202106291/images/players/abdulka01.jpg

Michael Jordan,5,14,6,1,6,https://www.basketball-reference.com/req/202106291/images/players/jordami01.jpg

Bill Russell,5,12,11,0,0,https://www.basketball-reference.com/req/202106291/images/players/russebi01.jpg

Wilt Chamberlain,4,13,2,0,1,https://www.basketball-reference.com/req/202106291/images/players/chambwi01.jpg

LeBron James,4,18,4,0,4,https://www.basketball-reference.com/req/202106291/images/players/jamesle01.jpg

Larry Bird,3,12,3,0,2,https://www.basketball-reference.com/req/202106291/images/players/birdla01.jpg

Magic Johnson,3,12,5,0,3,https://www.basketball-reference.com/req/202106291/images/players/johnsma02.jpg

Moses Malone,3,12,1,0,1,https://www.basketball-reference.com/req/202106291/images/players/malonmo01.jpg

Giannis Antetokounmpo,2,6,1,1,1,https://www.basketball-reference.com/req/202106291/images/players/antetgi01.jpg

Stephen Curry,2,8,4,0,1,https://www.basketball-reference.com/req/202106291/images/players/curryst01.jpg

Tim Duncan,2,15,5,0,3,https://www.basketball-reference.com/req/202106291/images/players/duncati01.jpg

Nikola Jokić,2,4,0,0,0,https://www.basketball-reference.com/req/202106291/images/players/jokicni01.jpg

Karl Malone,2,14,0,0,0,https://www.basketball-reference.com/req/202106291/images/players/malonka01.jpg

Steve Nash,2,8,0,0,0,https://www.basketball-reference.com/req/202106291/images/players/nashst01.jpg

Bob Pettit,2,11,1,0,0,https://www.basketball-reference.com/req/202106291/images/players/pettibo01.jpg

Charles Barkley,1,11,0,0,0,https://www.basketball-reference.com/req/202106291/images/players/barklch01.jpg

Kobe Bryant,1,18,5,0,2,https://www.basketball-reference.com/req/202106291/images/players/bryanko01.jpg

Bob Cousy,1,13,6,0,0,https://www.basketball-reference.com/req/202106291/images/players/cousybo01.jpg

Dave Cowens,1,8,2,0,0,https://www.basketball-reference.com/req/202106291/images/players/cowenda01.jpg

Kevin Durant,1,12,2,0,2,https://www.basketball-reference.com/req/202106291/images/players/duranke01.jpg

Julius Erving,1,11,1,0,0,https://www.basketball-reference.com/req/202106291/images/players/ervinju01.jpg

Kevin Garnett,1,15,1,1,0,https://www.basketball-reference.com/req/202106291/images/players/garneke01.jpg

James Harden,1,10,0,0,0,https://www.basketball-reference.com/req/202106291/images/players/hardeja01.jpg

Allen Iverson,1,11,0,0,0,https://www.basketball-reference.com/req/202106291/images/players/iversal01.jpg

Bob McAdoo,1,5,2,0,0,https://www.basketball-reference.com/req/202106291/images/players/mcadobo01.jpg

Dirk Nowitzki,1,14,1,0,1,https://www.basketball-reference.com/req/202106291/images/players/nowitdi01.jpg

Shaquille O'Neal,1,15,4,0,3,https://www.basketball-reference.com/req/202106291/images/players/onealsh01.jpg

Hakeem Olajuwon,1,12,2,2,2,https://www.basketball-reference.com/req/202106291/images/players/olajuha01.jpg

Willis Reed,1,7,2,0,2,https://www.basketball-reference.com/req/202106291/images/players/reedwi01.jpg

Oscar Robertson,1,12,1,0,0,https://www.basketball-reference.com/req/202106291/images/players/roberos01.jpg

David Robinson,1,10,2,1,0,https://www.basketball-reference.com/req/202106291/images/players/robinda01.jpg

Derrick Rose,1,3,0,0,0,https://www.basketball-reference.com/req/202106291/images/players/rosede01.jpg

Wes Unseld,1,5,1,0,1,https://www.basketball-reference.com/req/202106291/images/players/unselwe01.jpg

Bill Walton,1,2,2,0,1,https://www.basketball-reference.com/req/202106291/images/players/waltobi01.jpg

Russell Westbrook,1,9,0,0,0,https://www.basketball-reference.com/req/202106291/images/players/westbru01.jpg

Jerry West,0,14,1,0,1,https://www.basketball-reference.com/req/202106291/images/players/westje01.jpg

John Havlicek,0,13,8,0,1,https://www.basketball-reference.com/req/202106291/images/players/havlijo01.jpg

Dwyane Wade,0,13,3,0,1,https://www.basketball-reference.com/req/202106291/images/players/wadedw01.jpg

Rick Barry,0,8,1,0,1,https://www.basketball-reference.com/req/202106291/images/players/barryri01.jpg

George Gervin,0,9,0,0,0,https://www.basketball-reference.com/req/202106291/images/players/gervige01.jpg

Elvin Hayes,0,12,1,0,0,https://www.basketball-reference.com/req/202106291/images/players/hayesel01.jpg

Chris Paul,0,12,0,0,0,https://www.basketball-reference.com/req/202106291/images/players/paulch01.jpg

Dolph Schayes,0,12,1,0,0,https://www.basketball-reference.com/req/202106291/images/players/schaydo01.jpg

Isiah Thomas,0,12,2,0,1,https://www.basketball-reference.com/req/202106291/images/players/thomais01.jpg

Elgin Baylor,0,11,1,0,0,https://www.basketball-reference.com/req/202106291/images/players/bayloel01.jpg

Chris Bosh,0,11,2,0,0,https://www.basketball-reference.com/req/202106291/images/players/boshch01.jpg

Patrick Ewing,0,11,0,0,0,https://www.basketball-reference.com/req/202106291/images/players/ewingpa01.jpg

Artis Gilmore,0,6,0,0,0,https://www.basketball-reference.com/req/202106291/images/players/gilmoar01.jpg

Ray Allen,0,10,2,0,0,sample

Carmelo Anthony,0,10,0,0,0,https://www.basketball-reference.com/req/202106291/images/players/anthoca01.jpg

Paul Arizin,0,10,1,0,0,https://www.basketball-reference.com/req/202106291/images/players/arizipa01.jpg

Clyde Drexler,0,10,1,0,0,https://www.basketball-reference.com/req/202106291/images/players/drexlcl01.jpg

Hal Greer,0,10,1,0,0,https://www.basketball-reference.com/req/202106291/images/players/greerha01.jpg

Jason Kidd,0,10,1,0,0,https://www.basketball-reference.com/req/202106291/images/players/kiddja01.jpg

Paul Pierce,0,10,1,0,1,https://www.basketball-reference.com/req/202106291/images/players/piercpa01.jpg

John Stockton,0,10,0,0,0,https://www.basketball-reference.com/req/202106291/images/players/stockjo01.jpg

Robert Parish,0,9,4,0,0,https://www.basketball-reference.com/req/202106291/images/players/parisro01.jpg

Gary Payton,0,9,1,1,0,https://www.basketball-reference.com/req/202106291/images/players/paytoga01.jpg

Lenny Wilkens,0,9,0,0,0,https://www.basketball-reference.com/req/202106291/images/players/wilkele01.jpg

Dominique Wilkins,0,9,0,0,0,https://www.basketball-reference.com/req/202106291/images/players/wilkido01.jpg

Vince Carter,0,8,0,0,0,https://www.basketball-reference.com/req/202106291/images/players/cartevi01.jpg

Anthony Davis,0,8,1,0,0,https://www.basketball-reference.com/req/202106291/images/players/davisan02.jpg

Dave DeBusschere,0,8,2,0,0,https://www.basketball-reference.com/req/202106291/images/players/debusda01.jpg

Alex English,0,8,0,0,0,https://www.basketball-reference.com/req/202106291/images/players/englial01.jpg

Larry Foust,0,8,0,0,0,https://www.basketball-reference.com/req/202106291/images/players/foustla01.jpg

Dwight Howard,0,8,1,3,0,https://www.basketball-reference.com/req/202106291/images/players/howardw01.jpg

Bob Lanier,0,8,0,0,0,https://www.basketball-reference.com/req/202106291/images/players/laniebo01.jpg

Yao Ming,0,8,0,0,0,https://www.basketball-reference.com/req/202106291/images/players/mingya01.jpg

Dikembe Mutombo,0,8,0,4,0,https://www.basketball-reference.com/req/202106291/images/players/mutomdi01.jpg

Bill Sharman,0,8,4,0,0,https://www.basketball-reference.com/req/202106291/images/players/sharmbi01.jpg

LaMarcus Aldridge,0,7,0,0,0,https://www.basketball-reference.com/req/202106291/images/players/aldrila01.jpg

Dave Bing,0,7,0,0,0,https://www.basketball-reference.com/req/202106291/images/players/bingda01.jpg

Louie Dampier,0,0,0,0,0,sample

Mel Daniels,0,0,0,0,0,https://www.basketball-reference.com/req/202106291/images/players/danieme01.jpg

Walt Frazier,0,7,2,0,0,https://www.basketball-reference.com/req/202106291/images/players/fraziwa01.jpg

Harry Gallatin,0,7,0,0,0,https://www.basketball-reference.com/req/202106291/images/players/gallaha01.jpg

Paul George,0,7,0,0,0,https://www.basketball-reference.com/req/202106291/images/players/georgpa01.jpg

Grant Hill,0,7,0,0,0,https://www.basketball-reference.com/req/202106291/images/players/hillgr01.jpg

Kyrie Irving,0,7,1,0,0,https://www.basketball-reference.com/req/202106291/images/players/irvinky01.jpg

Dan Issel,0,1,0,0,0,https://www.basketball-reference.com/req/202106291/images/players/isselda01.jpg

Joe Johnson,0,7,0,0,0,sample

Jerry Lucas,0,7,1,0,0,https://www.basketball-reference.com/req/202106291/images/players/lucasje01.jpg

Ed Macauley,0,7,1,0,0,https://www.basketball-reference.com/req/202106291/images/players/macaued01.jpg

Slater Martin,0,7,5,0,0,https://www.basketball-reference.com/req/202106291/images/players/martisl01.jpg

Tracy McGrady,0,7,0,0,0,https://www.basketball-reference.com/req/202106291/images/players/mcgratr01.jpg

Dick McGuire,0,7,0,0,0,https://www.basketball-reference.com/req/202106291/images/players/mcguidi01.jpg

Kevin McHale,0,7,3,0,0,https://www.basketball-reference.com/req/202106291/images/players/mchalke01.jpg

Alonzo Mourning,0,7,1,2,0,https://www.basketball-reference.com/req/202106291/images/players/mournal01.jpg

Scottie Pippen,0,7,6,0,0,https://www.basketball-reference.com/req/202106291/images/players/pippesc01.jpg

Jack Sikma,0,7,1,0,0,https://www.basketball-reference.com/req/202106291/images/players/sikmaja01.jpg

Nate Thurmond,0,7,0,0,0,https://www.basketball-reference.com/req/202106291/images/players/thurmna01.jpg

Chet Walker,0,7,1,0,0,https://www.basketball-reference.com/req/202106291/images/players/walkech01.jpg

Jo Jo White,0,7,2,0,1,sample

James Worthy,0,7,3,0,1,https://www.basketball-reference.com/req/202106291/images/players/worthja01.jpg

Tiny Archibald,0,6,1,0,0,https://www.basketball-reference.com/req/202106291/images/players/architi01.jpg

Jimmy Butler,0,6,0,0,0,https://www.basketball-reference.com/req/202106291/images/players/butleji01.jpg

Larry Costello,0,6,1,0,0,https://www.basketball-reference.com/req/202106291/images/players/costela01.jpg

Adrian Dantley,0,6,1,0,0,https://www.basketball-reference.com/req/202106291/images/players/dantlad01.jpg

Walter Davis,0,6,0,0,0,sample

Joe Dumars,0,6,2,0,1,https://www.basketball-reference.com/req/202106291/images/players/dumarjo01.jpg

Pau Gasol,0,6,2,0,0,https://www.basketball-reference.com/req/202106291/images/players/gasolpa01.jpg

Blake Griffin,0,6,0,0,0,https://www.basketball-reference.com/req/202106291/images/players/griffbl01.jpg

Richie Guerin,0,6,0,0,0,https://www.basketball-reference.com/req/202106291/images/players/gueriri01.jpg

Cliff Hagan,0,5,1,0,0,https://www.basketball-reference.com/req/202106291/images/players/hagancl01.jpg

Tom Heinsohn,0,6,8,0,0,https://www.basketball-reference.com/req/202106291/images/players/heinsto01.jpg

Bailey Howell,0,6,2,0,0,https://www.basketball-reference.com/req/202106291/images/players/howelba01.jpg

Lou Hudson,0,6,0,0,0,https://www.basketball-reference.com/req/202106291/images/players/hudsolo01.jpg

Neil Johnston,0,6,1,0,0,https://www.basketball-reference.com/req/202106291/images/players/johnsne01.jpg

Jimmy Jones,0,0,0,0,0,sample

Shawn Kemp,0,6,0,0,0,https://www.basketball-reference.com/req/202106291/images/players/kempsh01.jpg

Damian Lillard,0,6,0,0,0,https://www.basketball-reference.com/req/202106291/images/players/lillada01.jpg

Kyle Lowry,0,6,1,0,0,https://www.basketball-reference.com/req/202106291/images/players/lowryky01.jpg

George McGinnis,0,3,0,0,0,https://www.basketball-reference.com/req/202106291/images/players/mcginge01.jpg

Vern Mikkelsen,0,6,4,0,0,https://www.basketball-reference.com/req/202106291/images/players/mikkeve01.jpg

Jermaine O'Neal,0,6,0,0,0,https://www.basketball-reference.com/req/202106291/images/players/onealje01.jpg

Tony Parker,0,6,4,0,1,https://www.basketball-reference.com/req/202106291/images/players/parketo01.jpg

Mitch Richmond,0,6,1,0,0,https://www.basketball-reference.com/req/202106291/images/players/richmmi01.jpg

Amar'e Stoudemire,0,6,0,0,0,https://www.basketball-reference.com/req/202106291/images/players/stoudam01.jpg

Jack Twyman,0,6,0,0,0,https://www.basketball-reference.com/req/202106291/images/players/twymaja01.jpg

George Yardley,0,6,0,0,0,https://www.basketball-reference.com/req/202106291/images/players/yardlge01.jpg

Zelmo Beaty,0,2,0,0,0,https://www.basketball-reference.com/req/202106291/images/players/beatyze01.jpg

Chauncey Billups,0,5,1,0,1,https://www.basketball-reference.com/req/202106291/images/players/billuch01.jpg

Carl Braun,0,5,1,0,0,https://www.basketball-reference.com/req/202106291/images/players/braunca01.jpg

Mack Calvin,0,0,0,0,0,sample

Billy Cunningham,0,4,1,0,0,https://www.basketball-reference.com/req/202106291/images/players/cunnibi01.jpg

Brad Daugherty,0,5,0,0,0,https://www.basketball-reference.com/req/202106291/images/players/daughbr01.jpg

DeMar DeRozan,0,5,0,0,0,https://www.basketball-reference.com/req/202106291/images/players/derozde01.jpg

Joel Embiid,0,5,0,0,0,https://www.basketball-reference.com/req/202106291/images/players/embiijo01.jpg

Wayne Embry,0,5,1,0,0,https://www.basketball-reference.com/req/202106291/images/players/embrywa01.jpg

Donnie Freeman,0,0,0,0,0,sample

Tom Gola,0,5,1,0,0,https://www.basketball-reference.com/req/202106291/images/players/golato01.jpg

Gail Goodrich,0,5,1,0,0,https://www.basketball-reference.com/req/202106291/images/players/goodrga01.jpg

Tim Hardaway,0,5,0,0,0,https://www.basketball-reference.com/req/202106291/images/players/hardati01.jpg

Connie Hawkins,0,4,0,0,0,https://www.basketball-reference.com/req/202106291/images/players/hawkico01.jpg

Spencer Haywood,0,4,1,0,0,https://www.basketball-reference.com/req/202106291/images/players/haywosp01.jpg

Al Horford,0,5,0,0,0,https://www.basketball-reference.com/req/202106291/images/players/horfoal01.jpg

Dennis Johnson,0,5,3,0,1,https://www.basketball-reference.com/req/202106291/images/players/johnsde01.jpg

Gus Johnson,0,5,0,0,0,https://www.basketball-reference.com/req/202106291/images/players/johnsgu01.jpg

Marques Johnson,0,5,0,0,0,https://www.basketball-reference.com/req/202106291/images/players/johnsma01.jpg

Bobby Jones,0,4,1,0,0,https://www.basketball-reference.com/req/202106291/images/players/jonesbo01.jpg

Sam Jones,0,5,10,0,0,https://www.basketball-reference.com/req/202106291/images/players/jonessa01.jpg

Larry Kenon,0,2,0,0,0,https://www.basketball-reference.com/req/202106291/images/players/kenonla01.jpg

Rudy LaRusso,0,5,0,0,0,https://www.basketball-reference.com/req/202106291/images/players/larusru01.jpg

Kawhi Leonard,0,5,2,2,2,https://www.basketball-reference.com/req/202106291/images/players/leonaka01.jpg

Kevin Love,0,5,1,0,0,https://www.basketball-reference.com/req/202106291/images/players/loveke01.jpg

Maurice Lucas,0,4,1,0,0,https://www.basketball-reference.com/req/202106291/images/players/lucasma01.jpg

Pete Maravich,0,5,0,0,0,https://www.basketball-reference.com/req/202106291/images/players/maravpe01.jpg

Reggie Miller,0,5,0,0,0,https://www.basketball-reference.com/req/202106291/images/players/millere01.jpg

Sidney Moncrief,0,5,0,2,0,https://www.basketball-reference.com/req/202106291/images/players/moncrsi01.jpg

Chris Mullin,0,5,0,0,0,https://www.basketball-reference.com/req/202106291/images/players/mullich01.jpg

Don Ohl,0,5,0,0,0,sample

Andy Phillip,0,5,1,0,0,sample

Charlie Scott,0,3,1,0,0,https://www.basketball-reference.com/req/202106291/images/players/scottch01.jpg

Gene Shue,0,5,0,0,0,https://www.basketball-reference.com/req/202106291/images/players/shuege01.jpg

Ralph Simpson,0,0,0,0,0,https://www.basketball-reference.com/req/202106291/images/players/simpsra01.jpg

David Thompson,0,4,0,0,0,https://www.basketball-reference.com/req/202106291/images/players/thompda01.jpg

Klay Thompson,0,5,4,0,0,https://www.basketball-reference.com/req/202106291/images/players/thompkl01.jpg

Rudy Tomjanovich,0,5,0,0,0,https://www.basketball-reference.com/req/202106291/images/players/tomjaru01.jpg

John Wall,0,5,0,0,0,https://www.basketball-reference.com/req/202106291/images/players/walljo01.jpg

Bobby Wanzer,0,5,1,0,0,https://www.basketball-reference.com/req/202106291/images/players/wanzebo01.jpg

Chris Webber,0,5,0,0,0,https://www.basketball-reference.com/req/202106291/images/players/webbech01.jpg

Paul Westphal,0,5,1,0,0,https://www.basketball-reference.com/req/202106291/images/players/westppa01.jpg

Vin Baker,0,4,0,0,0,https://www.basketball-reference.com/req/202106291/images/players/bakervi01.jpg

Walt Bellamy,0,4,0,0,0,https://www.basketball-reference.com/req/202106291/images/players/bellawa01.jpg

Otis Birdsong,0,4,0,0,0,https://www.basketball-reference.com/req/202106291/images/players/birdsot01.jpg

Rolando Blackman,0,4,0,0,0,https://www.basketball-reference.com/req/202106291/images/players/blackro01.jpg

Ron Boone,0,0,1,0,0,https://www.basketball-reference.com/req/202106291/images/players/boonero01.jpg

Roger Brown,0,0,0,0,0,https://www.basketball-reference.com/req/202106291/images/players/brownro01.jpg

Joe Caldwell,0,2,0,0,0,sample

Tom Chambers,0,4,0,0,0,https://www.basketball-reference.com/req/202106291/images/players/chambto01.jpg

Maurice Cheeks,0,4,1,0,0,https://www.basketball-reference.com/req/202106291/images/players/cheekma01.jpg

Doug Collins,0,4,0,0,0,https://www.basketball-reference.com/req/202106291/images/players/collido01.jpg

DeMarcus Cousins,0,4,0,0,0,https://www.basketball-reference.com/req/202106291/images/players/couside01.jpg

Bob Dandridge,0,4,2,0,0,https://www.basketball-reference.com/req/202106291/images/players/dandrbo01.jpg

Bob Davies,0,4,1,0,0,https://www.basketball-reference.com/req/202106291/images/players/daviebo01.jpg

Dick Garmaker,0,4,0,0,0,sample

Draymond Green,0,4,4,1,0,https://www.basketball-reference.com/req/202106291/images/players/greendr01.jpg

Johnny Green,0,4,0,0,0,sample

Anfernee Hardaway,0,4,0,0,0,https://www.basketball-reference.com/req/202106291/images/players/hardaan01.jpg

Mel Hutchins,0,4,0,0,0,sample

Warren Jabali,0,0,0,0,0,sample

Larry Jones,0,0,0,0,0,https://www.basketball-reference.com/req/202106291/images/players/jonesla01.jpg

Bernard King,0,4,0,0,0,sample

Bill Laimbeer,0,4,2,0,0,https://www.basketball-reference.com/req/202106291/images/players/laimbbi01.jpg

Clyde Lovellette,0,4,3,0,0,sample

Shawn Marion,0,4,1,0,0,https://www.basketball-reference.com/req/202106291/images/players/mariosh01.jpg

George Mikan,0,4,4,0,0,https://www.basketball-reference.com/req/202106291/images/players/mikange01.jpg

Paul Millsap,0,4,0,0,0,https://www.basketball-reference.com/req/202106291/images/players/millspa01.jpg

Earl Monroe,0,4,1,0,0,https://www.basketball-reference.com/req/202106291/images/players/monroea01.jpg

Willie Naulls,0,4,3,0,0,sample

Bob Netolicky,0,0,0,0,0,https://www.basketball-reference.com/req/202106291/images/players/netolbo01.jpg

Jim Pollard,0,4,4,0,0,sample

Mark Price,0,4,0,0,0,https://www.basketball-reference.com/req/202106291/images/players/pricema01.jpg

Micheal Ray Richardson,0,4,0,0,0,sample

Arnie Risen,0,4,2,0,0,https://www.basketball-reference.com/req/202106291/images/players/risenar01.jpg

Red Robbins,0,0,0,0,0,sample

Alvin Robertson,0,4,0,1,0,https://www.basketball-reference.com/req/202106291/images/players/roberal01.jpg

Guy Rodgers,0,4,0,0,0,sample

Rajon Rondo,0,4,2,0,0,https://www.basketball-reference.com/req/202106291/images/players/rondora01.jpg

Ralph Sampson,0,4,0,0,0,https://www.basketball-reference.com/req/202106291/images/players/sampsra01.jpg

Latrell Sprewell,0,4,0,0,0,https://www.basketball-reference.com/req/202106291/images/players/sprewla01.jpg

Kemba Walker,0,4,0,0,0,sample

Ben Wallace,0,4,1,4,0,https://www.basketball-reference.com/req/202106291/images/players/wallabe01.jpg

Rasheed Wallace,0,4,1,0,0,https://www.basketball-reference.com/req/202106291/images/players/wallara01.jpg

Sidney Wicks,0,4,0,0,0,https://www.basketball-reference.com/req/202106291/images/players/wickssi01.jpg

Mark Aguirre,0,3,2,0,0,https://www.basketball-reference.com/req/202106291/images/players/aguirma01.jpg

Gilbert Arenas,0,3,0,0,0,https://www.basketball-reference.com/req/202106291/images/players/arenagi01.jpg

Bradley Beal,0,3,0,0,0,https://www.basketball-reference.com/req/202106291/images/players/bealbr01.jpg

John Beasley,0,0,0,0,0,https://www.basketball-reference.com/req/202106291/images/players/beasljo01.jpg

Devin Booker,0,3,0,0,0,https://www.basketball-reference.com/req/202106291/images/players/bookede01.jpg

Bill Bridges,0,3,1,0,0,https://www.basketball-reference.com/req/202106291/images/players/bridgbi01.jpg

Larry Brown,0,0,0,0,0,sample

Darel Carrier,0,0,0,0,0,sample

Phil Chenier,0,3,1,0,0,https://www.basketball-reference.com/req/202106291/images/players/cheniph01.jpg

Glen Combs,0,0,0,0,0,https://www.basketball-reference.com/req/202106291/images/players/combsgl01.jpg

Terry Dischinger,0,3,0,0,0,https://www.basketball-reference.com/req/202106291/images/players/dischte01.jpg

Luka Dončić,0,3,0,0,0,https://www.basketball-reference.com/req/202106291/images/players/doncilu01.jpg

Steve Francis,0,3,0,0,0,https://www.basketball-reference.com/req/202106291/images/players/francst01.jpg

Marc Gasol,0,3,1,1,0,https://www.basketball-reference.com/req/202106291/images/players/gasolma01.jpg

Rudy Gobert,0,3,0,3,0,https://www.basketball-reference.com/req/202106291/images/players/goberru01.jpg

Richard Hamilton,0,3,1,0,0,https://www.basketball-reference.com/req/202106291/images/players/hamilri01.jpg

Kevin Johnson,0,3,0,0,0,sample

Stew Johnson,0,0,0,0,0,sample

Eddie Jones,0,3,0,0,0,sample

Steve Jones,0,0,0,0,0,https://www.basketball-reference.com/req/202106291/images/players/jonesst01.jpg

Bob Kauffman,0,3,0,0,0,https://www.basketball-reference.com/req/202106291/images/players/kauffbo01.jpg

Red Kerr,0,3,1,0,0,https://www.basketball-reference.com/req/202106291/images/players/kerrre01.jpg

Billy Knight,0,2,0,0,0,https://www.basketball-reference.com/req/202106291/images/players/knighbi01.jpg

Freddie Lewis,0,0,0,0,0,sample

Bob Love,0,3,0,0,0,https://www.basketball-reference.com/req/202106291/images/players/lovebo01.jpg

Dan Majerle,0,3,0,0,0,https://www.basketball-reference.com/req/202106291/images/players/majerda01.jpg

Bill Melchionni,0,0,1,0,0,https://www.basketball-reference.com/req/202106291/images/players/melchbi01.jpg

Khris Middleton,0,3,1,0,0,https://www.basketball-reference.com/req/202106291/images/players/middlkh01.jpg

Donovan Mitchell,0,3,0,0,0,https://www.basketball-reference.com/req/202106291/images/players/mitchdo01.jpg

Doug Moe,0,0,0,0,0,sample

Jeff Mullins,0,3,1,0,0,https://www.basketball-reference.com/req/202106291/images/players/mullije01.jpg

Larry Nance,0,3,0,0,0,https://www.basketball-reference.com/req/202106291/images/players/nancela01.jpg

Billy Paultz,0,0,0,0,0,https://www.basketball-reference.com/req/202106291/images/players/paultbi01.jpg

Glen Rice,0,3,1,0,0,https://www.basketball-reference.com/req/202106291/images/players/ricegl01.jpg

Dan Roundfield,0,3,0,0,0,https://www.basketball-reference.com/req/202106291/images/players/roundda01.jpg

Brandon Roy,0,3,0,0,0,https://www.basketball-reference.com/req/202106291/images/players/roybr01.jpg

Detlef Schrempf,0,3,0,0,0,https://www.basketball-reference.com/req/202106291/images/players/schrede01.jpg

Paul Seymour,0,3,1,0,0,https://www.basketball-reference.com/req/202106291/images/players/seymopa01.jpg

Ben Simmons,0,3,0,0,0,https://www.basketball-reference.com/req/202106291/images/players/simmobe01.jpg

Peja Stojaković,0,3,1,0,0,https://www.basketball-reference.com/req/202106291/images/players/stojape01.jpg

Maurice Stokes,0,3,0,0,0,sample

Jayson Tatum,0,3,0,0,0,https://www.basketball-reference.com/req/202106291/images/players/tatumja01.jpg

George Thompson,0,0,0,0,0,sample

Karl-Anthony Towns,0,3,0,0,0,https://www.basketball-reference.com/req/202106291/images/players/townska01.jpg

Dick Van Arsdale,0,3,0,0,0,sample

Tom Van Arsdale,0,3,0,0,0,sample

Norm Van Lier,0,3,0,0,0,sample

Antoine Walker,0,3,1,0,0,sample

Jamaal Wilkes,0,3,4,0,0,https://www.basketball-reference.com/req/202106291/images/players/wilkeja01.jpg

Buck Williams,0,3,0,0,0,https://www.basketball-reference.com/req/202106291/images/players/willibu01.jpg

Deron Williams,0,3,0,0,0,https://www.basketball-reference.com/req/202106291/images/players/willide01.jpg

Willie Wise,0,0,0,0,0,sample

Marvin Barnes,0,0,0,0,0,https://www.basketball-reference.com/req/202106291/images/players/barnema01.jpg

Leo Barnhorst,0,2,0,0,0,sample

Byron Beck,0,0,0,0,0,https://www.basketball-reference.com/req/202106291/images/players/beckby01.jpg

Art Becker,0,0,0,0,0,sample

Carlos Boozer,0,2,0,0,0,https://www.basketball-reference.com/req/202106291/images/players/boozeca01.jpg

Elton Brand,0,2,0,0,0,https://www.basketball-reference.com/req/202106291/images/players/brandel01.jpg

Terrell Brandon,0,2,0,0,0,https://www.basketball-reference.com/req/202106291/images/players/brandte01.jpg

Frankie Brian,0,2,0,0,0,sample

John Brisker,0,0,0,0,0,sample

Don Buse,0,1,0,0,0,https://www.basketball-reference.com/req/202106291/images/players/busedo01.jpg

Caron Butler,0,2,1,0,0,https://www.basketball-reference.com/req/202106291/images/players/butleca01.jpg

Archie Clark,0,2,0,0,0,sample

Terry Cummings,0,2,0,0,0,https://www.basketball-reference.com/req/202106291/images/players/cummite01.jpg

Baron Davis,0,2,0,0,0,https://www.basketball-reference.com/req/202106291/images/players/davisba01.jpg

Warren Davis,0,0,0,0,0,sample

Luol Deng,0,2,0,0,0,https://www.basketball-reference.com/req/202106291/images/players/denglu01.jpg

John Drew,0,2,0,0,0,https://www.basketball-reference.com/req/202106291/images/players/drewjo01.jpg

Andre Drummond,0,2,0,0,0,https://www.basketball-reference.com/req/202106291/images/players/drumman01.jpg

Kevin Duckworth,0,2,0,0,0,sample

Walter Dukes,0,2,0,0,0,sample

Dike Eddleman,0,2,0,0,0,sample

Sean Elliott,0,2,1,0,0,https://www.basketball-reference.com/req/202106291/images/players/elliose01.jpg

Michael Finley,0,2,1,0,0,https://www.basketball-reference.com/req/202106291/images/players/finlemi01.jpg

Joe Fulks,0,2,0,0,0,https://www.basketball-reference.com/req/202106291/images/players/fulksjo01.jpg

Jack George,0,2,1,0,0,sample

Manu Ginóbili,0,2,4,0,0,https://www.basketball-reference.com/req/202106291/images/players/ginobma01.jpg

Roy Hibbert,0,2,0,0,0,https://www.basketball-reference.com/req/202106291/images/players/hibbero01.jpg

Allan Houston,0,2,0,0,0,https://www.basketball-reference.com/req/202106291/images/players/houstal01.jpg

Hot Rod Hundley,0,2,0,0,0,sample

Les Hunter,0,0,0,0,0,sample

Zydrunas Ilgauskas,0,2,0,0,0,https://www.basketball-reference.com/req/202106291/images/players/ilgauzy01.jpg

Antawn Jamison,0,2,0,0,0,https://www.basketball-reference.com/req/202106291/images/players/jamisan01.jpg

Eddie Johnson,0,2,0,0,0,sample

John Johnson,0,2,1,0,0,sample

Larry Johnson,0,2,0,0,0,sample

Rich Jones,0,0,0,0,0,sample

Don Kojis,0,2,0,0,0,sample

Wendell Ladner,0,0,0,0,0,sample

Zach LaVine,0,2,0,0,0,https://www.basketball-reference.com/req/202106291/images/players/lavinza01.jpg

David Lee,0,2,1,0,0,sample

Fat Lever,0,2,0,0,0,https://www.basketball-reference.com/req/202106291/images/players/leverfa01.jpg

Mike Lewis,0,0,0,0,0,sample

Rashard Lewis,0,2,1,0,0,sample

Jeff Malone,0,2,0,0,0,https://www.basketball-reference.com/req/202106291/images/players/malonje01.jpg

Danny Manning,0,2,0,0,0,https://www.basketball-reference.com/req/202106291/images/players/mannida01.jpg

Stephon Marbury,0,2,0,0,0,https://www.basketball-reference.com/req/202106291/images/players/marbust01.jpg

Jack Marin,0,2,0,0,0,https://www.basketball-reference.com/req/202106291/images/players/marinja01.jpg

Brad Miller,0,2,0,0,0,https://www.basketball-reference.com/req/202106291/images/players/millebr01.jpg

Swen Nater,0,0,0,0,0,https://www.basketball-reference.com/req/202106291/images/players/natersw01.jpg

Norm Nixon,0,2,2,0,0,https://www.basketball-reference.com/req/202106291/images/players/nixonno01.jpg

Joakim Noah,0,2,0,1,0,https://www.basketball-reference.com/req/202106291/images/players/noahjo01.jpg

Victor Oladipo,0,2,0,0,0,https://www.basketball-reference.com/req/202106291/images/players/oladivi01.jpg

Jim Paxson,0,2,0,0,0,sample

Geoff Petrie,0,2,0,0,0,https://www.basketball-reference.com/req/202106291/images/players/petrige01.jpg

Terry Porter,0,2,0,0,0,https://www.basketball-reference.com/req/202106291/images/players/portete01.jpg

Cincy Powell,0,0,0,0,0,sample

Zach Randolph,0,2,0,0,0,https://www.basketball-reference.com/req/202106291/images/players/randoza01.jpg

Glenn Robinson,0,2,1,0,0,https://www.basketball-reference.com/req/202106291/images/players/robingl01.jpg

Truck Robinson,0,2,0,0,0,https://www.basketball-reference.com/req/202106291/images/players/robintr01.jpg

Red Rocha,0,2,1,0,0,sample

Dennis Rodman,0,2,5,2,0,https://www.basketball-reference.com/req/202106291/images/players/rodmade01.jpg

Jeff Ruland,0,2,0,0,0,https://www.basketball-reference.com/req/202106291/images/players/rulanje01.jpg

Domantas Sabonis,0,2,0,0,0,https://www.basketball-reference.com/req/202106291/images/players/sabondo01.jpg

Fred Scolari,0,2,0,0,0,sample

Kenny Sears,0,2,0,0,0,https://www.basketball-reference.com/req/202106291/images/players/searske01.jpg

Frank Selvy,0,2,1,0,0,sample

James Silas,0,0,0,0,0,https://www.basketball-reference.com/req/202106291/images/players/silasja01.jpg

Paul Silas,0,2,3,0,0,sample

Jerry Sloan,0,2,0,0,0,https://www.basketball-reference.com/req/202106291/images/players/sloanje01.jpg

Phil Smith,0,2,1,0,0,https://www.basketball-reference.com/req/202106291/images/players/smithph01.jpg

Randy Smith,0,2,0,0,0,https://www.basketball-reference.com/req/202106291/images/players/smithra01.jpg

Jerry Stackhouse,0,2,0,0,0,https://www.basketball-reference.com/req/202106291/images/players/stackje01.jpg

Levern Tart,0,0,0,0,0,sample

Brian Taylor,0,0,0,0,0,https://www.basketball-reference.com/req/202106291/images/players/taylobr01.jpg

Reggie Theus,0,2,0,0,0,https://www.basketball-reference.com/req/202106291/images/players/theusre01.jpg

Isaiah Thomas,0,2,0,0,0,https://www.basketball-reference.com/req/202106291/images/players/thomais01.jpg

Andrew Toney,0,2,1,0,0,sample

Kelly Tripucka,0,2,0,0,0,https://www.basketball-reference.com/req/202106291/images/players/tripuke01.jpg

Kiki Vandeweghe,0,2,0,0,0,https://www.basketball-reference.com/req/202106291/images/players/vandeki01.jpg

Nikola Vučević,0,2,0,0,0,https://www.basketball-reference.com/req/202106291/images/players/vucevni01.jpg

Jimmy Walker,0,2,0,0,0,sample

Scott Wedman,0,2,2,0,0,https://www.basketball-reference.com/req/202106291/images/players/wedmasc01.jpg

David West,0,2,2,0,0,https://www.basketball-reference.com/req/202106291/images/players/westda01.jpg

Charlie Williams,0,0,0,0,0,https://www.basketball-reference.com/req/202106291/images/players/willich01.jpg

Chuck Williams,0,0,0,0,0,https://www.basketball-reference.com/req/202106291/images/players/willich01.jpg

Gus Williams,0,2,1,0,0,https://www.basketball-reference.com/req/202106291/images/players/willigu01.jpg

Brian Winters,0,2,0,0,0,https://www.basketball-reference.com/req/202106291/images/players/wintebr01.jpg

Trae Young,0,2,0,0,0,https://www.basketball-reference.com/req/202106291/images/players/youngtr01.jpg

Shareef Abdur-Rahim,0,1,0,0,0,https://www.basketball-reference.com/req/202106291/images/players/abdursh01.jpg

Alvan Adams,0,1,0,0,0,https://www.basketball-reference.com/req/202106291/images/players/adamsal01.jpg

Michael Adams,0,1,0,0,0,https://www.basketball-reference.com/req/202106291/images/players/adamsmi01.jpg

Bam Adebayo,0,1,0,0,0,https://www.basketball-reference.com/req/202106291/images/players/adebaba01.jpg

Danny Ainge,0,1,2,0,0,https://www.basketball-reference.com/req/202106291/images/players/aingeda01.jpg

Jarrett Allen,0,1,0,0,0,https://www.basketball-reference.com/req/202106291/images/players/allenja01.jpg

Kenny Anderson,0,1,0,0,0,https://www.basketball-reference.com/req/202106291/images/players/anderke01.jpg

B.J. Armstrong,0,1,3,0,0,https://www.basketball-reference.com/req/202106291/images/players/armstbj01.jpg

LaMelo Ball,0,1,0,0,0,https://www.basketball-reference.com/req/202106291/images/players/ballla01.jpg

Don Barksdale,0,1,0,0,0,sample

Dick Barnett,0,1,2,0,0,https://www.basketball-reference.com/req/202106291/images/players/barnedi01.jpg

Dana Barros,0,1,0,0,0,sample

Butch Beard,0,1,1,0,0,sample

Ralph Beard,0,1,0,0,0,sample

Mookie Blaylock,0,1,0,0,0,https://www.basketball-reference.com/req/202106291/images/players/blaylmo01.jpg

John Block,0,1,0,0,0,sample

Bob Boozer,0,1,1,0,0,https://www.basketball-reference.com/req/202106291/images/players/boozebo01.jpg

Vince Boryla,0,1,0,0,0,sample

Bill Bradley,0,1,2,0,0,https://www.basketball-reference.com/req/202106291/images/players/bradlbi01.jpg

Fred Brown,0,1,1,0,0,https://www.basketball-reference.com/req/202106291/images/players/brownfr01.jpg

Jaylen Brown,0,1,0,0,0,https://www.basketball-reference.com/req/202106291/images/players/brownja01.jpg

Larry Bunce,0,0,0,0,0,sample

Andrew Bynum,0,1,2,0,0,https://www.basketball-reference.com/req/202106291/images/players/bynuman01.jpg

Austin Carr,0,1,0,0,0,https://www.basketball-reference.com/req/202106291/images/players/carrau01.jpg

Joe Barry Carroll,0,1,0,0,0,sample

George Carter,0,0,0,0,0,sample

Bill Cartwright,0,1,3,0,0,https://www.basketball-reference.com/req/202106291/images/players/cartwbi01.jpg

Sam Cassell,0,1,3,0,0,https://www.basketball-reference.com/req/202106291/images/players/cassesa01.jpg

Cedric Ceballos,0,1,0,0,0,sample

Tyson Chandler,0,1,1,1,0,https://www.basketball-reference.com/req/202106291/images/players/chandty01.jpg

Len Chappell,0,1,0,0,0,sample

Nat Clifton,0,1,0,0,0,sample

Derrick Coleman,0,1,0,0,0,https://www.basketball-reference.com/req/202106291/images/players/colemde01.jpg

Jack Coleman,0,1,2,0,0,https://www.basketball-reference.com/req/202106291/images/players/colemja01.jpg

Mike Conley,0,1,0,0,0,https://www.basketball-reference.com/req/202106291/images/players/conlemi01.jpg

Antonio Davis,0,1,0,0,0,https://www.basketball-reference.com/req/202106291/images/players/davisan01.jpg

Dale Davis,0,1,0,0,0,https://www.basketball-reference.com/req/202106291/images/players/davisda01.jpg

Vlade Divac,0,1,0,0,0,https://www.basketball-reference.com/req/202106291/images/players/divacvl01.jpg

James Donaldson,0,1,0,0,0,https://www.basketball-reference.com/req/202106291/images/players/donalja01.jpg

Goran Dragić,0,1,0,0,0,https://www.basketball-reference.com/req/202106291/images/players/dragigo01.jpg

Jim Eakins,0,0,0,0,0,sample

Mark Eaton,0,1,0,2,0,https://www.basketball-reference.com/req/202106291/images/players/eatonma01.jpg

Dale Ellis,0,1,0,0,0,https://www.basketball-reference.com/req/202106291/images/players/ellisda01.jpg

Ray Felix,0,1,0,0,0,sample

Sleepy Floyd,0,1,0,0,0,https://www.basketball-reference.com/req/202106291/images/players/floydsl01.jpg

Jimmy Foster,0,0,0,0,0,sample

World B. Free,0,1,0,0,0,sample

Bill Gabor,0,1,1,0,0,sample

Darius Garland,0,1,0,0,0,https://www.basketball-reference.com/req/202106291/images/players/garlada01.jpg

Chris Gatling,0,1,0,0,0,sample

Gus Gerard,0,0,0,0,0,sample

Gerald Govan,0,0,0,0,0,https://www.basketball-reference.com/req/202106291/images/players/govange01.jpg

Danny Granger,0,1,0,0,0,https://www.basketball-reference.com/req/202106291/images/players/grangda01.jpg

Horace Grant,0,1,4,0,0,https://www.basketball-reference.com/req/202106291/images/players/grantho01.jpg

A.C. Green,0,1,3,0,0,https://www.basketball-reference.com/req/202106291/images/players/greenac01.jpg

Mike Green,0,0,0,0,0,sample

Rickey Green,0,1,0,0,0,https://www.basketball-reference.com/req/202106291/images/players/greenri01.jpg

Alex Groza,0,1,0,0,0,sample

Tom Gugliotta,0,1,0,0,0,https://www.basketball-reference.com/req/202106291/images/players/guglito01.jpg

Devin Harris,0,1,0,0,0,https://www.basketball-reference.com/req/202106291/images/players/harride01.jpg

Bob Harrison,0,1,4,0,0,sample

Hersey Hawkins,0,1,0,0,0,https://www.basketball-reference.com/req/202106291/images/players/hawkihe01.jpg

Gordon Hayward,0,1,0,0,0,https://www.basketball-reference.com/req/202106291/images/players/haywago01.jpg

Walt Hazzard,0,1,0,0,0,sample

Wayne Hightower,0,0,0,0,0,sample

Tyrone Hill,0,1,0,0,0,https://www.basketball-reference.com/req/202106291/images/players/hillty01.jpg

Jrue Holiday,0,1,1,0,0,https://www.basketball-reference.com/req/202106291/images/players/holidjr01.jpg

Lionel Hollins,0,1,1,0,0,https://www.basketball-reference.com/req/202106291/images/players/hollili01.jpg

Jeff Hornacek,0,1,0,0,0,https://www.basketball-reference.com/req/202106291/images/players/hornaje01.jpg

Josh Howard,0,1,0,0,0,https://www.basketball-reference.com/req/202106291/images/players/howarjo01.jpg

Juwan Howard,0,1,2,0,0,https://www.basketball-reference.com/req/202106291/images/players/howarju01.jpg

Andre Iguodala,0,1,4,0,1,https://www.basketball-reference.com/req/202106291/images/players/iguodan01.jpg

Darrall Imhoff,0,1,0,0,0,sample

Brandon Ingram,0,1,0,0,0,https://www.basketball-reference.com/req/202106291/images/players/ingrabr01.jpg

Luke Jackson,0,1,1,0,0,sample

Mark Jackson,0,1,0,0,0,https://www.basketball-reference.com/req/202106291/images/players/jacksma01.jpg

Merv Jackson,0,0,0,0,0,sample

Tony Jackson,0,0,0,0,0,sample

Neil Johnson,0,0,0,0,0,https://www.basketball-reference.com/req/202106291/images/players/johnsne01.jpg

Steve Johnson,0,1,0,0,0,sample

Caldwell Jones,0,0,0,0,0,sample

Wil Jones,0,0,0,0,0,sample

DeAndre Jordan,0,1,0,0,0,https://www.basketball-reference.com/req/202106291/images/players/jordade01.jpg

Chris Kaman,0,1,0,0,0,https://www.basketball-reference.com/req/202106291/images/players/kamanch01.jpg

Julius Keye,0,0,0,0,0,https://www.basketball-reference.com/req/202106291/images/players/keyeju01.jpg

Jim King,0,1,0,0,0,sample

Andrei Kirilenko,0,1,0,0,0,https://www.basketball-reference.com/req/202106291/images/players/kirilan01.jpg

Kyle Korver,0,1,0,0,0,https://www.basketball-reference.com/req/202106291/images/players/korveky01.jpg

Sam Lacey,0,1,0,0,0,https://www.basketball-reference.com/req/202106291/images/players/laceysa01.jpg

Christian Laettner,0,1,0,0,0,https://www.basketball-reference.com/req/202106291/images/players/laettch01.jpg

Clyde Lee,0,1,0,0,0,https://www.basketball-reference.com/req/202106291/images/players/leecl01.jpg

Reggie Lewis,0,1,0,0,0,https://www.basketball-reference.com/req/202106291/images/players/lewisre01.jpg

Goose Ligon,0,0,0,0,0,sample

Brook Lopez,0,1,1,0,0,https://www.basketball-reference.com/req/202106291/images/players/lopezbr01.jpg

Jamaal Magloire,0,1,0,0,0,https://www.basketball-reference.com/req/202106291/images/players/magloja01.jpg

Randy Mahaffey,0,0,0,0,0,sample

Kenyon Martin,0,1,0,0,0,https://www.basketball-reference.com/req/202106291/images/players/martike01.jpg

Jamal Mashburn,0,1,0,0,0,https://www.basketball-reference.com/req/202106291/images/players/mashbja01.jpg

Anthony Mason,0,1,0,0,0,https://www.basketball-reference.com/req/202106291/images/players/masonan01.jpg

Ted McClain,0,0,0,0,0,https://www.basketball-reference.com/req/202106291/images/players/mcclate01.jpg

Xavier McDaniel,0,1,0,0,0,https://www.basketball-reference.com/req/202106291/images/players/mcdanxa01.jpg

Jim McDaniels,0,0,0,0,0,sample

Antonio McDyess,0,1,0,0,0,https://www.basketball-reference.com/req/202106291/images/players/mcdyean01.jpg

Jon McGlocklin,0,1,1,0,0,https://www.basketball-reference.com/req/202106291/images/players/mcglojo01.jpg

Dewitt Menyard,0,0,0,0,0,sample

Tom Meschery,0,1,0,0,0,sample

Eddie Miles,0,1,0,0,0,sample

Mike Mitchell,0,1,0,0,0,https://www.basketball-reference.com/req/202106291/images/players/mitchmi01.jpg

Steve Mix,0,1,0,0,0,https://www.basketball-reference.com/req/202106291/images/players/mixst01.jpg

Jack Molinas,0,1,0,0,0,sample

Gene Moore,0,0,0,0,0,https://www.basketball-reference.com/req/202106291/images/players/moorege01.jpg

Ja Morant,0,1,0,0,0,https://www.basketball-reference.com/req/202106291/images/players/moranja01.jpg

Calvin Murphy,0,1,0,0,0,https://www.basketball-reference.com/req/202106291/images/players/murphca01.jpg

Dejounte Murray,0,1,0,0,0,https://www.basketball-reference.com/req/202106291/images/players/murrade01.jpg

Calvin Natt,0,1,0,0,0,https://www.basketball-reference.com/req/202106291/images/players/nattca01.jpg

Jameer Nelson,0,1,0,0,0,https://www.basketball-reference.com/req/202106291/images/players/nelsoja01.jpg

Chuck Noble,0,1,0,0,0,sample

Charles Oakley,0,1,0,0,0,https://www.basketball-reference.com/req/202106291/images/players/oaklech01.jpg

Mehmet Okur,0,1,1,0,0,https://www.basketball-reference.com/req/202106291/images/players/okurme01.jpg

Ricky Pierce,0,1,0,0,0,https://www.basketball-reference.com/req/202106291/images/players/piercri01.jpg

Kristaps Porziņģis,0,1,0,0,0,https://www.basketball-reference.com/req/202106291/images/players/porzikr01.jpg

Jim Price,0,1,0,0,0,sample

Julius Randle,0,1,0,0,0,https://www.basketball-reference.com/req/202106291/images/players/randlju01.jpg

Theo Ratliff,0,1,0,0,0,https://www.basketball-reference.com/req/202106291/images/players/ratlith01.jpg

Michael Redd,0,1,0,0,0,https://www.basketball-reference.com/req/202106291/images/players/reddmi01.jpg

Richie Regan,0,1,0,0,0,sample

Doc Rivers,0,1,0,0,0,https://www.basketball-reference.com/req/202106291/images/players/riverdo01.jpg

Clifford Robinson,0,1,0,0,0,sample

Flynn Robinson,0,1,1,0,0,sample

Curtis Rowe,0,1,0,0,0,sample

Bob Rule,0,1,0,0,0,sample

Campy Russell,0,1,0,0,0,sample

Cazzie Russell,0,1,1,0,0,sample

D'Angelo Russell,0,1,0,0,0,https://www.basketball-reference.com/req/202106291/images/players/russeda01.jpg

Woody Sauldsberry,0,1,1,0,0,sample

Fred Schaus,0,1,0,0,0,https://www.basketball-reference.com/req/202106291/images/players/schaufr01.jpg

Lee Shaffer,0,1,0,0,0,sample

Lonnie Shelton,0,1,1,0,0,sample

Pascal Siakam,0,1,1,0,0,https://www.basketball-reference.com/req/202106291/images/players/siakapa01.jpg

Walt Simon,0,0,0,0,0,sample

Adrian Smith,0,1,0,0,0,https://www.basketball-reference.com/req/202106291/images/players/smithad01.jpg

Steve Smith,0,1,1,0,0,https://www.basketball-reference.com/req/202106291/images/players/smithst01.jpg

Rik Smits,0,1,0,0,0,https://www.basketball-reference.com/req/202106291/images/players/smitsri01.jpg

Willie Somerset,0,0,0,0,0,sample

John Starks,0,1,0,0,0,https://www.basketball-reference.com/req/202106291/images/players/starkjo01.jpg

Don Sunderlage,0,1,0,0,0,sample

Wally Szczerbiak,0,1,0,0,0,sample

Jeff Teague,0,1,1,0,0,https://www.basketball-reference.com/req/202106291/images/players/teaguje01.jpg

Claude Terry,0,0,0,0,0,sample

Skip Thoren,0,0,0,0,0,sample

Otis Thorpe,0,1,2,0,0,https://www.basketball-reference.com/req/202106291/images/players/thorpot01.jpg

Monte Towe,0,0,0,0,0,sample

Dave Twardzik,0,0,1,0,0,sample

Nick Van Exel,0,1,0,0,0,sample

Fred VanVleet,0,1,1,0,0,https://www.basketball-reference.com/req/202106291/images/players/vanvlfr01.jpg

Chico Vaughn,0,0,0,0,0,sample

Bob Verga,0,0,0,0,0,sample

Gerald Wallace,0,1,0,0,0,https://www.basketball-reference.com/req/202106291/images/players/wallage01.jpg

Paul Walther,0,1,1,0,0,sample

Ben Warley,0,0,0,0,0,sample

Kermit Washington,0,1,0,0,0,sample

Trooper Washington,0,0,0,0,0,sample

Andrew Wiggins,0,1,1,0,0,https://www.basketball-reference.com/req/202106291/images/players/wiggian01.jpg

Jayson Williams,0,1,0,0,0,https://www.basketball-reference.com/req/202106291/images/players/willija01.jpg

Mo Williams,0,1,1,0,0,sample

Zion Williamson,0,1,0,0,0,https://www.basketball-reference.com/req/202106291/images/players/willizi01.jpg

Kevin Willis,0,1,1,0,0,sample

Metta World Peace,0,1,1,1,0,sample

Max Zaslofsky,0,1,0,0,0,sample

Marcus Camby,0,0,0,1,0,https://www.basketball-reference.com/req/202106291/images/players/cambyma01.jpg

Michael Cooper,0,0,5,1,0,sample

Marcus Smart,0,0,0,1,0,https://www.basketball-reference.com/req/202106291/images/players/smartma01.jpg

Cedric Maxwell,0,0,2,0,1,https://www.basketball-reference.com/req/202106291/images/players/maxwece01.jpg

Nemanja Bjelica,0,0,1,0,0,https://www.basketball-reference.com/req/202106291/images/players/bjeline01.jpg

Chris Chiozza,0,0,1,0,0,https://www.basketball-reference.com/req/202106291/images/players/chiozch01.jpg

Jeff Dowtin,0,0,1,0,0,https://www.basketball-reference.com/req/202106291/images/players/dowtije01.jpg

Jonathan Kuminga,0,0,1,0,0,https://www.basketball-reference.com/req/202106291/images/players/kuminjo01.jpg

Damion Lee,0,0,1,0,0,sample

Kevon Looney,0,0,3,0,0,https://www.basketball-reference.com/req/202106291/images/players/looneke01.jpg

Moses Moody,0,0,1,0,0,https://www.basketball-reference.com/req/202106291/images/players/moodymo01.jpg

Gary Payton II,0,0,1,0,0,sample

Jordan Poole,0,0,1,0,0,https://www.basketball-reference.com/req/202106291/images/players/poolejo01.jpg

Otto Porter Jr.,0,0,1,0,0,sample

Juan Toscano-Anderson,0,0,1,0,0,https://www.basketball-reference.com/req/202106291/images/players/toscaju01.jpg

Quinndary Weatherspoon,0,0,1,0,0,https://www.basketball-reference.com/req/202106291/images/players/weathqu01.jpg

Jaylen Adams,0,0,1,0,0,https://www.basketball-reference.com/req/202106291/images/players/adamsja01.jpg

Thanasis Antetokounmpo,0,0,1,0,0,https://www.basketball-reference.com/req/202106291/images/players/antetth01.jpg

D.J. Augustin,0,0,1,0,0,https://www.basketball-reference.com/req/202106291/images/players/augusdj01.jpg

Elijah Bryant,0,0,1,0,0,sample

Pat Connaughton,0,0,1,0,0,https://www.basketball-reference.com/req/202106291/images/players/connapa01.jpg

Torrey Craig,0,0,1,0,0,https://www.basketball-reference.com/req/202106291/images/players/craigto01.jpg

Mamadi Diakite,0,0,1,0,0,https://www.basketball-reference.com/req/202106291/images/players/diakima01.jpg

Donte DiVincenzo,0,0,1,0,0,https://www.basketball-reference.com/req/202106291/images/players/divindo01.jpg

Bryn Forbes,0,0,1,0,0,https://www.basketball-reference.com/req/202106291/images/players/forbebr01.jpg

Justin Jackson,0,0,1,0,0,https://www.basketball-reference.com/req/202106291/images/players/jacksju01.jpg

Rodions Kurucs,0,0,1,0,0,https://www.basketball-reference.com/req/202106291/images/players/kurucro01.jpg

Sam Merrill,0,0,1,0,0,https://www.basketball-reference.com/req/202106291/images/players/merrisa01.jpg

Jordan Nwora,0,0,1,0,0,https://www.basketball-reference.com/req/202106291/images/players/nworajo01.jpg

Bobby Portis,0,0,1,0,0,https://www.basketball-reference.com/req/202106291/images/players/portibo01.jpg

Axel Toupane,0,0,1,0,0,https://www.basketball-reference.com/req/202106291/images/players/toupaax01.jpg

P.J. Tucker,0,0,1,0,0,https://www.basketball-reference.com/req/202106291/images/players/tuckepj01.jpg

D.J. Wilson,0,0,1,0,0,https://www.basketball-reference.com/req/202106291/images/players/wilsodj01.jpg

Kostas Antetokounmpo,0,0,1,0,0,https://www.basketball-reference.com/req/202106291/images/players/antetko01.jpg

Avery Bradley,0,0,1,0,0,https://www.basketball-reference.com/req/202106291/images/players/bradlav01.jpg

Devontae Cacok,0,0,1,0,0,https://www.basketball-reference.com/req/202106291/images/players/cacokde01.jpg

Kentavious Caldwell-Pope,0,0,1,0,0,https://www.basketball-reference.com/req/202106291/images/players/caldwke01.jpg

Alex Caruso,0,0,1,0,0,https://www.basketball-reference.com/req/202106291/images/players/carusal01.jpg

Quinn Cook,0,0,2,0,0,https://www.basketball-reference.com/req/202106291/images/players/cookqu01.jpg

Troy Daniels,0,0,1,0,0,https://www.basketball-reference.com/req/202106291/images/players/danietr01.jpg

Jared Dudley,0,0,1,0,0,https://www.basketball-reference.com/req/202106291/images/players/dudleja01.jpg

Danny Green,0,0,3,0,0,https://www.basketball-reference.com/req/202106291/images/players/greenda01.jpg

Talen Horton-Tucker,0,0,1,0,0,https://www.basketball-reference.com/req/202106291/images/players/hortota01.jpg

Kyle Kuzma,0,0,1,0,0,https://www.basketball-reference.com/req/202106291/images/players/kuzmaky01.jpg

JaVale McGee,0,0,3,0,0,https://www.basketball-reference.com/req/202106291/images/players/mcgeeja01.jpg

Markieff Morris,0,0,1,0,0,sample

Zach Norvell,0,0,1,0,0,https://www.basketball-reference.com/req/202106291/images/players/norveza01.jpg

J.R. Smith,0,0,2,0,0,https://www.basketball-reference.com/req/202106291/images/players/smithjr01.jpg

Dion Waiters,0,0,1,0,0,https://www.basketball-reference.com/req/202106291/images/players/waitedi01.jpg

OG Anunoby,0,0,1,0,0,https://www.basketball-reference.com/req/202106291/images/players/anunoog01.jpg

Chris Boucher,0,0,2,0,0,https://www.basketball-reference.com/req/202106291/images/players/bouchch01.jpg

Lorenzo Brown,0,0,1,0,0,https://www.basketball-reference.com/req/202106291/images/players/brownlo01.jpg

Serge Ibaka,0,0,1,0,0,https://www.basketball-reference.com/req/202106291/images/players/ibakase01.jpg

Jeremy Lin,0,0,1,0,0,https://www.basketball-reference.com/req/202106291/images/players/linje01.jpg

Jordan Loyd,0,0,1,0,0,https://www.basketball-reference.com/req/202106291/images/players/loydjo01.jpg

Patrick McCaw,0,0,3,0,0,https://www.basketball-reference.com/req/202106291/images/players/mccawpa01.jpg

Jodie Meeks,0,0,1,0,0,https://www.basketball-reference.com/req/202106291/images/players/meeksjo01.jpg

C.J. Miles,0,0,1,0,0,https://www.basketball-reference.com/req/202106291/images/players/milescj01.jpg

Malcolm Miller,0,0,1,0,0,https://www.basketball-reference.com/req/202106291/images/players/millema01.jpg

Greg Monroe,0,0,1,0,0,https://www.basketball-reference.com/req/202106291/images/players/monrogr01.jpg

Eric Moreland,0,0,1,0,0,https://www.basketball-reference.com/req/202106291/images/players/moreler01.jpg

Norman Powell,0,0,1,0,0,https://www.basketball-reference.com/req/202106291/images/players/powelno01.jpg

Malachi Richardson,0,0,1,0,0,https://www.basketball-reference.com/req/202106291/images/players/richama01.jpg

Jonas Valančiūnas,0,0,1,0,0,https://www.basketball-reference.com/req/202106291/images/players/valanjo01.jpg

Delon Wright,0,0,1,0,0,https://www.basketball-reference.com/req/202106291/images/players/wrighde01.jpg

Jordan Bell,0,0,1,0,0,https://www.basketball-reference.com/req/202106291/images/players/belljo01.jpg

Omri Casspi,0,0,1,0,0,https://www.basketball-reference.com/req/202106291/images/players/casspom01.jpg

Damian Jones,0,0,2,0,0,sample

Shaun Livingston,0,0,3,0,0,https://www.basketball-reference.com/req/202106291/images/players/livinsh01.jpg

Zaza Pachulia,0,0,2,0,0,https://www.basketball-reference.com/req/202106291/images/players/pachuza01.jpg

Nick Young,0,0,1,0,0,https://www.basketball-reference.com/req/202106291/images/players/youngni01.jpg

Matt Barnes,0,0,1,0,0,https://www.basketball-reference.com/req/202106291/images/players/barnema01.jpg

Ian Clark,0,0,1,0,0,https://www.basketball-reference.com/req/202106291/images/players/clarkia01.jpg

James Michael McAdoo,0,0,2,0,0,sample

Anderson Varejão,0,0,2,0,0,https://www.basketball-reference.com/req/202106291/images/players/varejan01.jpg

Briante Weber,0,0,1,0,0,https://www.basketball-reference.com/req/202106291/images/players/weberbr01.jpg

Jared Cunningham,0,0,1,0,0,https://www.basketball-reference.com/req/202106291/images/players/cunnija01.jpg

Matthew Dellavedova,0,0,1,0,0,https://www.basketball-reference.com/req/202106291/images/players/dellama01.jpg

Channing Frye,0,0,1,0,0,https://www.basketball-reference.com/req/202106291/images/players/fryech01.jpg

Joe Harris,0,0,1,0,0,https://www.basketball-reference.com/req/202106291/images/players/harrijo01.jpg

Richard Jefferson,0,0,1,0,0,https://www.basketball-reference.com/req/202106291/images/players/jefferi01.jpg

Dahntay Jones,0,0,1,0,0,sample

James Jones,0,0,3,0,0,sample

Sasha Kaun,0,0,1,0,0,https://www.basketball-reference.com/req/202106291/images/players/kaunsa01.jpg

Jordan McRae,0,0,1,0,0,https://www.basketball-reference.com/req/202106291/images/players/mcraejo01.jpg

Timofey Mozgov,0,0,1,0,0,https://www.basketball-reference.com/req/202106291/images/players/mozgoti01.jpg

Iman Shumpert,0,0,1,0,0,https://www.basketball-reference.com/req/202106291/images/players/shumpim01.jpg

Tristan Thompson,0,0,1,0,0,https://www.basketball-reference.com/req/202106291/images/players/thomptr01.jpg

Leandro Barbosa,0,0,1,0,0,https://www.basketball-reference.com/req/202106291/images/players/barbole01.jpg

Harrison Barnes,0,0,1,0,0,sample

Andrew Bogut,0,0,1,0,0,https://www.basketball-reference.com/req/202106291/images/players/bogutan01.jpg

Festus Ezeli,0,0,1,0,0,https://www.basketball-reference.com/req/202106291/images/players/ezelife01.jpg

Justin Holiday,0,0,1,0,0,https://www.basketball-reference.com/req/202106291/images/players/holidju01.jpg

Ognjen Kuzmić,0,0,1,0,0,https://www.basketball-reference.com/req/202106291/images/players/kuzmiog01.jpg

Brandon Rush,0,0,1,0,0,https://www.basketball-reference.com/req/202106291/images/players/rushbr01.jpg

Marreese Speights,0,0,1,0,0,https://www.basketball-reference.com/req/202106291/images/players/speigma01.jpg

Jeff Ayres,0,0,1,0,0,sample

Aron Baynes,0,0,1,0,0,https://www.basketball-reference.com/req/202106291/images/players/baynear01.jpg

Marco Belinelli,0,0,1,0,0,https://www.basketball-reference.com/req/202106291/images/players/belinma01.jpg

Matt Bonner,0,0,2,0,0,https://www.basketball-reference.com/req/202106291/images/players/bonnema01.jpg

Shannon Brown,0,0,3,0,0,https://www.basketball-reference.com/req/202106291/images/players/brownsh01.jpg

Austin Daye,0,0,1,0,0,https://www.basketball-reference.com/req/202106291/images/players/dayeau01.jpg

Nando De Colo,0,0,1,0,0,sample

Boris Diaw,0,0,1,0,0,https://www.basketball-reference.com/req/202106291/images/players/diawbo01.jpg

Damion James,0,0,1,0,0,https://www.basketball-reference.com/req/202106291/images/players/jamesda01.jpg

Othyus Jeffers,0,0,1,0,0,https://www.basketball-reference.com/req/202106291/images/players/jeffeot01.jpg

Cory Joseph,0,0,1,0,0,https://www.basketball-reference.com/req/202106291/images/players/josepco01.jpg

Patty Mills,0,0,1,0,0,https://www.basketball-reference.com/req/202106291/images/players/millspa01.jpg

Tiago Splitter,0,0,1,0,0,https://www.basketball-reference.com/req/202106291/images/players/splitti01.jpg

Malcolm Thomas,0,0,1,0,0,https://www.basketball-reference.com/req/202106291/images/players/thomama01.jpg

Chris Andersen,0,0,1,0,0,https://www.basketball-reference.com/req/202106291/images/players/anderch01.jpg

Joel Anthony,0,0,2,0,0,https://www.basketball-reference.com/req/202106291/images/players/anthojo01.jpg

Shane Battier,0,0,2,0,0,https://www.basketball-reference.com/req/202106291/images/players/battish01.jpg

Mario Chalmers,0,0,2,0,0,https://www.basketball-reference.com/req/202106291/images/players/chalmma01.jpg

Norris Cole,0,0,2,0,0,https://www.basketball-reference.com/req/202106291/images/players/coleno01.jpg

Josh Harrellson,0,0,1,0,0,https://www.basketball-reference.com/req/202106291/images/players/harrejo01.jpg

Terrel Harris,0,0,2,0,0,https://www.basketball-reference.com/req/202106291/images/players/harrite01.jpg

Udonis Haslem,0,0,3,0,0,https://www.basketball-reference.com/req/202106291/images/players/hasleud01.jpg

Mike Miller,0,0,2,0,0,https://www.basketball-reference.com/req/202106291/images/players/millemi01.jpg

Dexter Pittman,0,0,2,0,0,https://www.basketball-reference.com/req/202106291/images/players/pittmde01.jpg

Jarvis Varnado,0,0,1,0,0,https://www.basketball-reference.com/req/202106291/images/players/varnaja01.jpg

Eddy Curry,0,0,1,0,0,https://www.basketball-reference.com/req/202106291/images/players/curryed01.jpg

Mickell Gladness,0,0,1,0,0,https://www.basketball-reference.com/req/202106291/images/players/gladnmi01.jpg

Ronny Turiaf,0,0,1,0,0,https://www.basketball-reference.com/req/202106291/images/players/turiaro01.jpg

Alexis Ajinça,0,0,1,0,0,https://www.basketball-reference.com/req/202106291/images/players/ajincal01.jpg

J.J. Barea,0,0,1,0,0,sample

Rodrigue Beaubois,0,0,1,0,0,https://www.basketball-reference.com/req/202106291/images/players/beaubro01.jpg

Corey Brewer,0,0,1,0,0,https://www.basketball-reference.com/req/202106291/images/players/breweco01.jpg

Brian Cardinal,0,0,1,0,0,https://www.basketball-reference.com/req/202106291/images/players/cardibr01.jpg

Brendan Haywood,0,0,1,0,0,https://www.basketball-reference.com/req/202106291/images/players/haywobr01.jpg

Dominique Jones,0,0,1,0,0,sample

Ian Mahinmi,0,0,1,0,0,https://www.basketball-reference.com/req/202106291/images/players/mahinia01.jpg

Steve Novak,0,0,1,0,0,https://www.basketball-reference.com/req/202106291/images/players/novakst01.jpg

Sasha Pavlović,0,0,1,0,0,sample

DeShawn Stevenson,0,0,1,0,0,https://www.basketball-reference.com/req/202106291/images/players/stevede01.jpg

Jason Terry,0,0,1,0,0,https://www.basketball-reference.com/req/202106291/images/players/terryja01.jpg

Jordan Farmar,0,0,2,0,0,https://www.basketball-reference.com/req/202106291/images/players/farmajo01.jpg

Derek Fisher,0,0,5,0,0,https://www.basketball-reference.com/req/202106291/images/players/fishede01.jpg

D.J. Mbenga,0,0,2,0,0,https://www.basketball-reference.com/req/202106291/images/players/mbengdj01.jpg

Adam Morrison,0,0,2,0,0,https://www.basketball-reference.com/req/202106291/images/players/morriad01.jpg

Lamar Odom,0,0,2,0,0,https://www.basketball-reference.com/req/202106291/images/players/odomla01.jpg

Josh Powell,0,0,2,0,0,https://www.basketball-reference.com/req/202106291/images/players/poweljo01.jpg

Sasha Vujačić,0,0,2,0,0,https://www.basketball-reference.com/req/202106291/images/players/vujacsa01.jpg

Luke Walton,0,0,2,0,0,https://www.basketball-reference.com/req/202106291/images/players/waltolu01.jpg

Trevor Ariza,0,0,1,0,0,https://www.basketball-reference.com/req/202106291/images/players/arizatr01.jpg

Chris Mihm,0,0,1,0,0,sample

Vladimir Radmanović,0,0,1,0,0,https://www.basketball-reference.com/req/202106291/images/players/radmavl01.jpg

Sun Yue,0,0,1,0,0,sample

Tony Allen,0,0,1,0,0,https://www.basketball-reference.com/req/202106291/images/players/allento01.jpg

P.J. Brown,0,0,1,0,0,https://www.basketball-reference.com/req/202106291/images/players/brownpj01.jpg

Glen Davis,0,0,1,0,0,https://www.basketball-reference.com/req/202106291/images/players/davisgl01.jpg

Eddie House,0,0,1,0,0,https://www.basketball-reference.com/req/202106291/images/players/houseed01.jpg

Kendrick Perkins,0,0,1,0,0,https://www.basketball-reference.com/req/202106291/images/players/perkike01.jpg

Scot Pollard,0,0,1,0,0,sample

James Posey,0,0,2,0,0,https://www.basketball-reference.com/req/202106291/images/players/poseyja01.jpg

Leon Powe,0,0,1,0,0,https://www.basketball-reference.com/req/202106291/images/players/powele01.jpg

Gabe Pruitt,0,0,1,0,0,https://www.basketball-reference.com/req/202106291/images/players/pruitga01.jpg

Brian Scalabrine,0,0,1,0,0,https://www.basketball-reference.com/req/202106291/images/players/scalabr01.jpg

Brent Barry,0,0,2,0,0,https://www.basketball-reference.com/req/202106291/images/players/barrybr01.jpg

Bruce Bowen,0,0,3,0,0,https://www.basketball-reference.com/req/202106291/images/players/bowenbr01.jpg

Jackie Butler,0,0,1,0,0,sample

Francisco Elson,0,0,1,0,0,https://www.basketball-reference.com/req/202106291/images/players/elsonfr01.jpg

Melvin Ely,0,0,1,0,0,https://www.basketball-reference.com/req/202106291/images/players/elyme01.jpg

Robert Horry,0,0,7,0,0,sample

Fabricio Oberto,0,0,1,0,0,https://www.basketball-reference.com/req/202106291/images/players/obertfa01.jpg

Beno Udrih,0,0,2,0,0,https://www.basketball-reference.com/req/202106291/images/players/udrihbe01.jpg

Jacque Vaughn,0,0,1,0,0,sample

James White,0,0,1,0,0,sample

Eric Williams,0,0,1,0,0,sample

Derek Anderson,0,0,1,0,0,https://www.basketball-reference.com/req/202106291/images/players/anderde01.jpg

Shandon Anderson,0,0,1,0,0,sample

Earl Barron,0,0,1,0,0,https://www.basketball-reference.com/req/202106291/images/players/barroea01.jpg

Michael Doleac,0,0,1,0,0,sample

Gerald Fitch,0,0,1,0,0,sample

Jason Kapono,0,0,1,0,0,https://www.basketball-reference.com/req/202106291/images/players/kaponja01.jpg

Wayne Simien,0,0,1,0,0,sample

Matt Walsh,0,0,1,0,0,sample

Jason Williams,0,0,1,0,0,https://www.basketball-reference.com/req/202106291/images/players/willija01.jpg

Dorell Wright,0,0,1,0,0,https://www.basketball-reference.com/req/202106291/images/players/wrighdo01.jpg

Devin Brown,0,0,2,0,0,sample

Dion Glover,0,0,1,0,0,sample

Linton Johnson,0,0,1,0,0,sample

Sean Marks,0,0,1,0,0,https://www.basketball-reference.com/req/202106291/images/players/marksse01.jpg

Tony Massenburg,0,0,1,0,0,https://www.basketball-reference.com/req/202106291/images/players/masseto01.jpg

Nazr Mohammed,0,0,1,0,0,https://www.basketball-reference.com/req/202106291/images/players/mohamna01.jpg

Rasho Nesterović,0,0,1,0,0,https://www.basketball-reference.com/req/202106291/images/players/nestera01.jpg

Malik Rose,0,0,3,0,0,https://www.basketball-reference.com/req/202106291/images/players/rosema01.jpg

Mike Wilks,0,0,1,0,0,https://www.basketball-reference.com/req/202106291/images/players/wilksmi01.jpg

Chucky Atkins,0,0,1,0,0,https://www.basketball-reference.com/req/202106291/images/players/atkinch01.jpg

Elden Campbell,0,0,1,0,0,https://www.basketball-reference.com/req/202106291/images/players/campbel01.jpg

Hubert Davis,0,0,1,0,0,https://www.basketball-reference.com/req/202106291/images/players/davishu01.jpg

Tremaine Fowlkes,0,0,1,0,0,sample

Darvin Ham,0,0,1,0,0,sample

Lindsey Hunter,0,0,2,0,0,sample

Mike James,0,0,1,0,0,https://www.basketball-reference.com/req/202106291/images/players/jamesmi01.jpg

Darko Miličić,0,0,1,0,0,https://www.basketball-reference.com/req/202106291/images/players/milicda01.jpg

Tayshaun Prince,0,0,1,0,0,https://www.basketball-reference.com/req/202106291/images/players/princta01.jpg

Željko Rebrača,0,0,1,0,0,sample

Bob Sura,0,0,1,0,0,https://www.basketball-reference.com/req/202106291/images/players/surabo01.jpg

Corliss Williamson,0,0,1,0,0,sample

Mengke Bateer,0,0,1,0,0,sample

Speedy Claxton,0,0,1,0,0,sample

Danny Ferry,0,0,1,0,0,https://www.basketball-reference.com/req/202106291/images/players/ferryda01.jpg

Anthony Goldwire,0,0,1,0,0,sample

Stephen Jackson,0,0,1,0,0,sample

Steve Kerr,0,0,5,0,0,https://www.basketball-reference.com/req/202106291/images/players/kerrst01.jpg

Joe Crispin,0,0,1,0,0,sample

Rick Fox,0,0,3,0,0,sample

Devean George,0,0,3,0,0,sample

Mark Madsen,0,0,2,0,0,sample

Jelani McCoy,0,0,1,0,0,sample

Stanislav Medvedenko,0,0,2,0,0,sample

Mike Penberthy,0,0,2,0,0,sample

Brian Shaw,0,0,3,0,0,sample

Samaki Walker,0,0,1,0,0,https://www.basketball-reference.com/req/202106291/images/players/walkesa01.jpg

Greg Foster,0,0,1,0,0,sample

Ron Harper,0,0,5,0,0,https://www.basketball-reference.com/req/202106291/images/players/harpero01.jpg

Tyronn Lue,0,0,2,0,0,https://www.basketball-reference.com/req/202106291/images/players/luety01.jpg

Isaiah Rider,0,0,1,0,0,sample

John Celestand,0,0,1,0,0,sample

Sam Jacobson,0,0,1,0,0,sample

Travis Knight,0,0,1,0,0,sample

John Salley,0,0,4,0,0,https://www.basketball-reference.com/req/202106291/images/players/sallejo01.jpg

Antonio Daniels,0,0,1,0,0,https://www.basketball-reference.com/req/202106291/images/players/daniean01.jpg

Mario Elie,0,0,3,0,0,https://www.basketball-reference.com/req/202106291/images/players/eliema01.jpg

Andrew Gaze,0,0,1,0,0,sample

Jaren Jackson,0,0,1,0,0,sample

Avery Johnson,0,0,1,0,0,https://www.basketball-reference.com/req/202106291/images/players/johnsav01.jpg

Jerome Kersey,0,0,1,0,0,https://www.basketball-reference.com/req/202106291/images/players/kerseje01.jpg

Gerard King,0,0,1,0,0,https://www.basketball-reference.com/req/202106291/images/players/kingge01.jpg

Will Perdue,0,0,4,0,0,sample

Brandon Williams,0,0,1,0,0,https://www.basketball-reference.com/req/202106291/images/players/willibr01.jpg

Keith Booth,0,0,1,0,0,https://www.basketball-reference.com/req/202106291/images/players/boothke01.jpg

Randy Brown,0,0,3,0,0,sample

Jud Buechler,0,0,3,0,0,https://www.basketball-reference.com/req/202106291/images/players/buechju01.jpg

Scott Burrell,0,0,1,0,0,https://www.basketball-reference.com/req/202106291/images/players/burresc01.jpg

Jason Caffey,0,0,3,0,0,https://www.basketball-reference.com/req/202106291/images/players/caffeja01.jpg

Joe Kleine,0,0,1,0,0,https://www.basketball-reference.com/req/202106291/images/players/kleinjo01.jpg

Toni Kukoč,0,0,3,0,0,https://www.basketball-reference.com/req/202106291/images/players/kukocto01.jpg

Rusty LaRue,0,0,1,0,0,https://www.basketball-reference.com/req/202106291/images/players/larueru01.jpg

Luc Longley,0,0,3,0,0,https://www.basketball-reference.com/req/202106291/images/players/longllu01.jpg

Dickey Simpkins,0,0,3,0,0,https://www.basketball-reference.com/req/202106291/images/players/simpkdi01.jpg

David Vaughn,0,0,1,0,0,sample

Bill Wennington,0,0,3,0,0,https://www.basketball-reference.com/req/202106291/images/players/wennibi01.jpg

Bison Dele,0,0,1,0,0,https://www.basketball-reference.com/req/202106291/images/players/delebi01.jpg

Matt Steigenga,0,0,1,0,0,sample

James Edwards,0,0,3,0,0,sample

Jack Haley,0,0,1,0,0,sample

Tim Breaux,0,0,1,0,0,sample

Scott Brooks,0,0,2,0,0,sample

Chucky Brown,0,0,1,0,0,sample

Adrian Caldwell,0,0,1,0,0,sample

Pete Chilcutt,0,0,1,0,0,sample

Carl Herrera,0,0,2,0,0,sample

Charles Jones,0,0,1,0,0,sample

Vernon Maxwell,0,0,2,0,0,sample

Tracy Murray,0,0,1,0,0,sample

Kenny Smith,0,0,2,0,0,https://www.basketball-reference.com/req/202106291/images/players/smithke01.jpg

Žan Tabak,0,0,1,0,0,sample

Matt Bullard,0,0,1,0,0,https://www.basketball-reference.com/req/202106291/images/players/bullama01.jpg

Earl Cureton,0,0,2,0,0,sample

Chris Jent,0,0,1,0,0,sample

Richard Petruška,0,0,1,0,0,sample

Eric Riley,0,0,1,0,0,sample

Larry Robinson,0,0,1,0,0,sample

Ricky Blanton,0,0,1,0,0,sample

Joe Courtney,0,0,1,0,0,sample

Jo Jo English,0,0,1,0,0,sample

Stacey King,0,0,3,0,0,sample

Rodney McCray,0,0,1,0,0,https://www.basketball-reference.com/req/202106291/images/players/mccraro01.jpg

Ed Nealy,0,0,1,0,0,sample

John Paxson,0,0,3,0,0,https://www.basketball-reference.com/req/202106291/images/players/paxsojo01.jpg

Trent Tucker,0,0,1,0,0,https://www.basketball-reference.com/req/202106291/images/players/tucketr01.jpg

Darrell Walker,0,0,1,0,0,sample

Corey Williams,0,0,1,0,0,sample

Scott Williams,0,0,3,0,0,sample

Bob Hansen,0,0,1,0,0,sample

Craig Hodges,0,0,2,0,0,sample

Dennis Hopson,0,0,2,0,0,sample

Cliff Levingston,0,0,2,0,0,https://www.basketball-reference.com/req/202106291/images/players/levincl01.jpg

Chuck Nevitt,0,0,2,0,0,sample

Mark Randall,0,0,1,0,0,sample

Rory Sparrow,0,0,1,0,0,sample

William Bedford,0,0,1,0,0,sample

Dave Greenwood,0,0,1,0,0,https://www.basketball-reference.com/req/202106291/images/players/greenda01.jpg

Scott Hastings,0,0,1,0,0,sample

Gerald Henderson,0,0,3,0,0,sample

Vinnie Johnson,0,0,2,0,0,https://www.basketball-reference.com/req/202106291/images/players/johnsvi01.jpg

Stan Kimbrough,0,0,1,0,0,sample

Ralph Lewis,0,0,1,0,0,sample

Darryl Dawkins,0,0,1,0,0,https://www.basketball-reference.com/req/202106291/images/players/dawkida01.jpg

Fennis Dembo,0,0,1,0,0,sample

Steve Harris,0,0,1,0,0,sample

John Long,0,0,1,0,0,sample

Rick Mahorn,0,0,1,0,0,https://www.basketball-reference.com/req/202106291/images/players/mahorri01.jpg

Pace Mannion,0,0,1,0,0,sample

Jim Rowinski,0,0,1,0,0,sample

Micheal Williams,0,0,1,0,0,sample

Tony Campbell,0,0,1,0,0,sample

Jeff Lamp,0,0,1,0,0,sample

Wes Matthews,0,0,2,0,0,sample

Kurt Rambis,0,0,4,0,0,https://www.basketball-reference.com/req/202106291/images/players/rambiku01.jpg

Byron Scott,0,0,3,0,0,https://www.basketball-reference.com/req/202106291/images/players/scottby01.jpg

Mike Smrek,0,0,2,0,0,sample

Billy Thompson,0,0,2,0,0,sample

Mychal Thompson,0,0,2,0,0,https://www.basketball-reference.com/req/202106291/images/players/thompmy01.jpg

Ray Tolbert,0,0,1,0,0,sample

Milt Wagner,0,0,1,0,0,sample

Adrian Branch,0,0,1,0,0,sample

Frank Brickowski,0,0,1,0,0,sample

Rick Carlisle,0,0,1,0,0,sample

Greg Kite,0,0,2,0,0,sample

Jerry Sichting,0,0,1,0,0,sample

David Thirdkill,0,0,1,0,0,sample

Sam Vincent,0,0,1,0,0,sample

Sly Williams,0,0,1,0,0,sample

Earl Jones,0,0,1,0,0,sample

Mitch Kupchak,0,0,3,0,0,sample

Ronnie Lester,0,0,1,0,0,sample

Mike McGee,0,0,2,0,0,sample

Larry Spriggs,0,0,1,0,0,sample

Quinn Buckner,0,0,1,0,0,sample

M.L. Carr,0,0,2,0,0,sample

Carlos Clark,0,0,1,0,0,sample

J.J. Anderson,0,0,1,0,0,sample

Franklin Edwards,0,0,1,0,0,sample

Marc Iavaroni,0,0,1,0,0,sample

Clemon Johnson,0,0,1,0,0,sample

Reggie Johnson,0,0,1,0,0,sample

Mark McNamara,0,0,1,0,0,sample

Clint Richardson,0,0,1,0,0,sample

Russ Schoene,0,0,1,0,0,sample

Jim Brewer,0,0,1,0,0,https://www.basketball-reference.com/req/202106291/images/players/breweji01.jpg

Clay Johnson,0,0,1,0,0,sample

Eddie Jordan,0,0,1,0,0,sample

Mark Landsberger,0,0,2,0,0,https://www.basketball-reference.com/req/202106291/images/players/landsma01.jpg

Kevin McKenna,0,0,1,0,0,sample

Terry Duerod,0,0,1,0,0,sample

Eric Fernsten,0,0,1,0,0,sample

Chris Ford,0,0,1,0,0,sample

Wayne Kreklow,0,0,1,0,0,sample

Rick Robey,0,0,1,0,0,sample

Marty Byrnes,0,0,1,0,0,sample

Kenny Carr,0,0,1,0,0,sample

Jim Chones,0,0,1,0,0,https://www.basketball-reference.com/req/202106291/images/players/choneji01.jpg

Don Ford,0,0,1,0,0,sample

Brad Holland,0,0,1,0,0,https://www.basketball-reference.com/req/202106291/images/players/hollabr01.jpg

Butch Lee,0,0,1,0,0,https://www.basketball-reference.com/req/202106291/images/players/leebu01.jpg

Ollie Mack,0,0,1,0,0,sample

Dennis Awtrey,0,0,1,0,0,sample

Lars Hansen,0,0,1,0,0,sample

Joe Hassett,0,0,1,0,0,sample

Tom LaGarde,0,0,1,0,0,sample

Jackie Robinson,0,0,1,0,0,sample

Dick Snyder,0,0,1,0,0,https://www.basketball-reference.com/req/202106291/images/players/snydedi01.jpg

Wally Walker,0,0,2,0,0,sample

Greg Ballard,0,0,1,0,0,https://www.basketball-reference.com/req/202106291/images/players/ballagr01.jpg

Kevin Grevey,0,0,1,0,0,sample

Tom Henderson,0,0,1,0,0,https://www.basketball-reference.com/req/202106291/images/players/hendeto01.jpg

Charles Johnson,0,0,2,0,0,sample

Joe Pace,0,0,1,0,0,sample

Phil Walker,0,0,1,0,0,sample

Larry Wright,0,0,1,0,0,sample

Corky Calhoun,0,0,1,0,0,sample

Johnny Davis,0,0,1,0,0,sample

Herm Gilliam,0,0,1,0,0,sample

Bob Gross,0,0,1,0,0,https://www.basketball-reference.com/req/202106291/images/players/grossbo01.jpg

Robin Jones,0,0,1,0,0,sample

Clyde Mayes,0,0,1,0,0,sample

Lloyd Neal,0,0,1,0,0,sample

Larry Steele,0,0,1,0,0,https://www.basketball-reference.com/req/202106291/images/players/steella01.jpg

Jerome Anderson,0,0,1,0,0,sample

Jim Ard,0,0,1,0,0,sample

Tom Boswell,0,0,1,0,0,sample

Steve Kuberski,0,0,2,0,0,sample

Glenn McDonald,0,0,1,0,0,sample

Don Nelson,0,0,5,0,0,https://www.basketball-reference.com/req/202106291/images/players/nelsodo01.jpg

Ed Searcy,0,0,1,0,0,sample

Kevin Stacom,0,0,1,0,0,sample

Steve Bracey,0,0,1,0,0,sample

Derrek Dickey,0,0,1,0,0,sample

Charles Dudley,0,0,1,0,0,sample

George Johnson,0,0,1,0,0,sample

Frank Kendrick,0,0,1,0,0,sample

Clifford Ray,0,0,1,0,0,https://www.basketball-reference.com/req/202106291/images/players/raycl01.jpg

Don Chaney,0,0,2,0,0,sample

Steve Downing,0,0,1,0,0,sample

Hank Finkel,0,0,1,0,0,sample

Phil Hankinson,0,0,1,0,0,sample

Art Williams,0,0,1,0,0,sample

Henry Bibby,0,0,1,0,0,sample

John Gianelli,0,0,1,0,0,https://www.basketball-reference.com/req/202106291/images/players/gianejo01.jpg

Phil Jackson,0,0,1,0,0,https://www.basketball-reference.com/req/202106291/images/players/jacksph01.jpg

Dean Meminger,0,0,1,0,0,sample

Luther Rackley,0,0,1,0,0,sample

Tom Riker,0,0,1,0,0,sample

Harthorne Wingo,0,0,1,0,0,https://www.basketball-reference.com/req/202106291/images/players/wingoha01.jpg

Jim Cleamons,0,0,1,0,0,sample

Leroy Ellis,0,0,1,0,0,sample

Keith Erickson,0,0,1,0,0,sample

Happy Hairston,0,0,1,0,0,https://www.basketball-reference.com/req/202106291/images/players/hairsha01.jpg

Jim McMillian,0,0,1,0,0,https://www.basketball-reference.com/req/202106291/images/players/mcmilji01.jpg

Pat Riley,0,0,1,0,0,sample

John Trapp,0,0,1,0,0,sample

Lucius Allen,0,0,1,0,0,https://www.basketball-reference.com/req/202106291/images/players/allenlu01.jpg

Dick Cunningham,0,0,1,0,0,sample

Gary Freeman,0,0,1,0,0,sample

Bob Greacen,0,0,1,0,0,sample

McCoy McLemore,0,0,1,0,0,https://www.basketball-reference.com/req/202106291/images/players/mclemmc01.jpg

Greg Smith,0,0,1,0,0,sample

Jeff Webb,0,0,1,0,0,sample

Marv Winkler,0,0,1,0,0,sample

Bill Zopf,0,0,1,0,0,sample

Nate Bowman,0,0,1,0,0,sample

Bill Hosket,0,0,1,0,0,sample

Don May,0,0,1,0,0,sample

Mike Riordan,0,0,1,0,0,https://www.basketball-reference.com/req/202106291/images/players/riordmi01.jpg

Dave Stallworth,0,0,1,0,0,sample

John Warren,0,0,1,0,0,sample

Jim Barnes,0,0,1,0,0,sample

Em Bryant,0,0,1,0,0,sample

Mal Graham,0,0,2,0,0,sample

Rich Johnson,0,0,1,0,0,sample

Bud Olsen,0,0,1,0,0,sample

Tom Sanders,0,0,8,0,0,https://www.basketball-reference.com/req/202106291/images/players/sandeto01.jpg

Larry Siegfried,0,0,5,0,0,sample

Johnny Jones,0,0,1,0,0,sample

Tom Thacker,0,0,1,0,0,sample

Rick Weitzman,0,0,1,0,0,sample

Dave Gambee,0,0,1,0,0,sample

Matt Guokas,0,0,1,0,0,sample

Wali Jones,0,0,1,0,0,sample

Bob Weiss,0,0,1,0,0,https://www.basketball-reference.com/req/202106291/images/players/weissbo01.jpg

Ron Bonham,0,0,2,0,0,sample

Mel Counts,0,0,2,0,0,sample

Si Green,0,0,1,0,0,sample

K.C. Jones,0,0,8,0,0,https://www.basketball-reference.com/req/202106291/images/players/joneskc01.jpg

John Thompson,0,0,2,0,0,sample

Ron Watts,0,0,1,0,0,sample

Bevo Nordmann,0,0,1,0,0,sample

Gerry Ward,0,0,1,0,0,sample

Jim Loscutoff,0,0,7,0,0,sample

Johnny McCarthy,0,0,1,0,0,sample

Frank Ramsey,0,0,7,0,0,https://www.basketball-reference.com/req/202106291/images/players/ramsefr01.jpg

Jack Foley,0,0,1,0,0,sample

Gene Guarilia,0,0,4,0,0,sample

Dan Swartz,0,0,1,0,0,sample

Al Butler,0,0,1,0,0,sample

Gary Phillips,0,0,1,0,0,sample

Gene Conley,0,0,3,0,0,sample

Maurice King,0,0,1,0,0,sample

John Richter,0,0,1,0,0,sample

Bennie Swain,0,0,1,0,0,sample

Lou Tsioropoulos,0,0,2,0,0,sample

Walt Davis,0,0,2,0,0,sample

Jack McMahon,0,0,1,0,0,sample

Red Morrison,0,0,1,0,0,sample

Med Park,0,0,1,0,0,sample

Worthy Patterson,0,0,1,0,0,sample

Chuck Share,0,0,1,0,0,sample

Win Wilfong,0,0,1,0,0,sample

Dick Hemric,0,0,1,0,0,sample

Jack Nichols,0,0,1,0,0,sample

Togo Palazzi,0,0,1,0,0,sample

Ernie Beck,0,0,1,0,0,sample

George Dempsey,0,0,1,0,0,sample

Joe Graboski,0,0,1,0,0,sample

Larry Hennessy,0,0,1,0,0,sample

Jackie Moore,0,0,2,0,0,sample

Bob Schafer,0,0,1,0,0,sample

Dick Farley,0,0,1,0,0,sample

Billy Kenville,0,0,1,0,0,sample

George King,0,0,1,0,0,https://www.basketball-reference.com/req/202106291/images/players/kingge01.jpg

Earl Lloyd,0,0,1,0,0,sample

Wally Osterkorn,0,0,1,0,0,sample

Connie Simmons,0,0,1,0,0,sample

Jim Tucker,0,0,1,0,0,sample

Jim Fritsche,0,0,1,0,0,sample

Jim Holstein,0,0,2,0,0,sample

Pep Saul,0,0,4,0,0,sample

Dick Schnittker,0,0,2,0,0,sample

Whitey Skoog,0,0,3,0,0,sample

Lew Hitch,0,0,2,0,0,sample

Howie Schultz,0,0,2,0,0,sample

Joe Hutton,0,0,1,0,0,sample

John Pilch,0,0,1,0,0,sample

Bill Calhoun,0,0,1,0,0,sample

Red Holzman,0,0,1,0,0,sample

Arnie Johnson,0,0,1,0,0,https://www.basketball-reference.com/req/202106291/images/players/johnsar01.jpg

Joe McNamee,0,0,1,0,0,sample

Ed Mikan,0,0,1,0,0,sample

Paul Noel,0,0,1,0,0,sample

Don Carlson,0,0,1,0,0,sample

Arnie Ferrin,0,0,1,0,0,sample

Normie Glick,0,0,1,0,0,sample

Bud Grant,0,0,1,0,0,sample

Billy Hassett,0,0,1,0,0,sample

Tony Jaros,0,0,1,0,0,sample

Herm Schaefer,0,0,1,0,0,sample

Gene Stump,0,0,1,0,0,sample

